Name,Chromosome,Position,Marker_on_QTLome,start_pos,end_pos,trait_on_QTLome
chr1H:348122902:C:A,1H,348122902,SCRI_RS_204810,348123649,348123769,Height
chr1H:348122904:G:A,1H,348122904,SCRI_RS_204810,348123649,348123769,Height
chr1H:348122923:G:T,1H,348122923,SCRI_RS_204810,348123649,348123769,Height
chr1H:348122929:C:G,1H,348122929,SCRI_RS_204810,348123649,348123769,Height
chr1H:348123752:A:G,1H,348123752,SCRI_RS_204810,348123649,348123769,Height
chr1H:349257381:G:A,1H,349257381,12_30350,349256525,349256627,Height
chr1H:349257392:T:C,1H,349257392,12_30350,349256525,349256627,Height
chr2H:17328598:G:T,2H,17328598,JHI-Hv50k-2016-69385,17329373,17329493,Height
chr2H:17328603:G:A,2H,17328603,JHI-Hv50k-2016-69385,17329373,17329493,Height
chr2H:17328611:G:C,2H,17328611,JHI-Hv50k-2016-69385,17329373,17329493,Height
chr2H:17328612:A:G,2H,17328612,JHI-Hv50k-2016-69385,17329373,17329493,Height
chr2H:17328616:C:T,2H,17328616,JHI-Hv50k-2016-69385,17329373,17329493,Height
chr2H:17328625:T:A,2H,17328625,JHI-Hv50k-2016-69385,17329373,17329493,Height
chr2H:17328634:C:T,2H,17328634,JHI-Hv50k-2016-69385,17329373,17329493,Height
chr2H:17328641:T:C,2H,17328641,JHI-Hv50k-2016-69385,17329373,17329493,Height
chr2H:17328654:A:G,2H,17328654,JHI-Hv50k-2016-69385,17329373,17329493,Height
chr2H:17328661:C:T,2H,17328661,JHI-Hv50k-2016-69385,17329373,17329493,Height
chr2H:17328664:G:A,2H,17328664,JHI-Hv50k-2016-69385,17329373,17329493,Height
chr2H:17328675:G:A,2H,17328675,JHI-Hv50k-2016-69385,17329373,17329493,Height
chr2H:17328680:A:G,2H,17328680,JHI-Hv50k-2016-69385,17329373,17329493,Height
chr2H:25801275:C:T,2H,25801275,SCRI_RS_195810,25800213,25800294,Days to heading
chr2H:25801278:T:C,2H,25801278,SCRI_RS_195810,25800213,25800294,Days to heading
chr2H:25879988:C:G,2H,25879988,12_30872,25879528,25879648,Days to heading
chr2H:25880006:A:G,2H,25880006,12_30872,25879528,25879648,Days to heading
chr2H:25880016:A:C,2H,25880016,12_30872,25879528,25879648,Days to heading
chr2H:25880025:C:T,2H,25880025,12_30872,25879528,25879648,Days to heading
chr2H:25880034:T:A,2H,25880034,12_30872,25879528,25879648,Days to heading
chr2H:25880064:A:T,2H,25880064,12_30872,25879528,25879648,Days to heading
chr2H:25880069:G:C,2H,25880069,12_30872,25879528,25879648,Days to heading
chr2H:25879988:C:G,2H,25879988,BK_16,25879748,25879911,Days to heading
chr2H:25880006:A:G,2H,25880006,BK_16,25879748,25879911,Days to heading
chr2H:25880016:A:C,2H,25880016,BK_16,25879748,25879911,Days to heading
chr2H:25880025:C:T,2H,25880025,BK_16,25879748,25879911,Days to heading
chr2H:25880034:T:A,2H,25880034,BK_16,25879748,25879911,Days to heading
chr2H:25880064:A:T,2H,25880064,BK_16,25879748,25879911,Days to heading
chr2H:25880069:G:C,2H,25880069,BK_16,25879748,25879911,Days to heading
chr2H:25936024:C:G,2H,25936024,JHI-Hv50k-2016-73570,25936647,25936767,Height
chr2H:25936025:G:A,2H,25936025,JHI-Hv50k-2016-73570,25936647,25936767,Height
chr2H:25936027:G:A,2H,25936027,JHI-Hv50k-2016-73570,25936647,25936767,Height
chr2H:25936030:C:T,2H,25936030,JHI-Hv50k-2016-73570,25936647,25936767,Height
chr2H:25936031:G:A,2H,25936031,JHI-Hv50k-2016-73570,25936647,25936767,Height
chr2H:25936034:A:T,2H,25936034,JHI-Hv50k-2016-73570,25936647,25936767,Height
chr2H:25936041:G:A,2H,25936041,JHI-Hv50k-2016-73570,25936647,25936767,Height
chr2H:25936063:A:G,2H,25936063,JHI-Hv50k-2016-73570,25936647,25936767,Height
chr2H:25936064:C:T,2H,25936064,JHI-Hv50k-2016-73570,25936647,25936767,Height
chr2H:25936079:C:T,2H,25936079,JHI-Hv50k-2016-73570,25936647,25936767,Height
chr2H:25936081:G:C,2H,25936081,JHI-Hv50k-2016-73570,25936647,25936767,Height
chr2H:44838712:C:A,2H,44838712,11_10837,44837547,44837787,Kernel weight
chr2H:44838722:C:A,2H,44838722,11_10837,44837547,44837787,Kernel weight
chr2H:44838724:A:G,2H,44838724,11_10837,44837547,44837787,Kernel weight
chr2H:44838725:C:A,2H,44838725,11_10837,44837547,44837787,Kernel weight
chr2H:44838734:C:T,2H,44838734,11_10837,44837547,44837787,Kernel weight
chr2H:44838741:C:G,2H,44838741,11_10837,44837547,44837787,Kernel weight
chr2H:44838747:C:T,2H,44838747,11_10837,44837547,44837787,Kernel weight
chr2H:44838750:C:A,2H,44838750,11_10837,44837547,44837787,Kernel weight
chr2H:44838785:C:T,2H,44838785,11_10837,44837547,44837787,Kernel weight
chr2H:95112678:T:C,2H,95112678,JHI-Hv50k-2016-86347,95112833,95112948,Height
chr2H:436979228:C:A,2H,436979228,JHI-Hv50k-2016-94875,436978471,436978591,Height
chr2H:436979251:G:T,2H,436979251,JHI-Hv50k-2016-94875,436978471,436978591,Height
chr2H:484521312:C:T,2H,484521312,JHI-Hv50k-2016-98501,484521854,484521974,Height
chr2H:484521334:G:A,2H,484521334,JHI-Hv50k-2016-98501,484521854,484521974,Height
chr2H:484521342:T:A,2H,484521342,JHI-Hv50k-2016-98501,484521854,484521974,Height
chr2H:484521361:T:C,2H,484521361,JHI-Hv50k-2016-98501,484521854,484521974,Height
chr2H:484521383:A:G,2H,484521383,JHI-Hv50k-2016-98501,484521854,484521974,Height
chr2H:484521389:C:T,2H,484521389,JHI-Hv50k-2016-98501,484521854,484521974,Height
chr2H:484521390:A:T,2H,484521390,JHI-Hv50k-2016-98501,484521854,484521974,Height
chr2H:484521438:T:C,2H,484521438,JHI-Hv50k-2016-98501,484521854,484521974,Height
chr2H:484521454:G:T,2H,484521454,JHI-Hv50k-2016-98501,484521854,484521974,Height
chr2H:484521460:G:C,2H,484521460,JHI-Hv50k-2016-98501,484521854,484521974,Height
chr2H:484521463:A:G,2H,484521463,JHI-Hv50k-2016-98501,484521854,484521974,Height
chr2H:570802552:C:T,2H,570802552,12_30896,570802300,570802396,Kernel density
chr2H:570802578:C:T,2H,570802578,12_30896,570802300,570802396,Kernel density
chr2H:570802624:C:A,2H,570802624,12_30896,570802300,570802396,Kernel density
chr2H:570802642:A:G,2H,570802642,12_30896,570802300,570802396,Kernel density
chr2H:570802643:C:T,2H,570802643,12_30896,570802300,570802396,Kernel density
chr2H:570802667:C:A,2H,570802667,12_30896,570802300,570802396,Kernel density
chr2H:570802675:G:T,2H,570802675,12_30896,570802300,570802396,Kernel density
chr2H:570802677:A:C,2H,570802677,12_30896,570802300,570802396,Kernel density
chr2H:570802688:A:G,2H,570802688,12_30896,570802300,570802396,Kernel density
chr2H:570802689:G:A,2H,570802689,12_30896,570802300,570802396,Kernel density
chr2H:570802739:G:A,2H,570802739,12_30896,570802300,570802396,Kernel density
chr2H:570802757:C:T,2H,570802757,12_30896,570802300,570802396,Kernel density
chr2H:570802552:C:T,2H,570802552,12_30901,570802629,570802749,Kernel density
chr2H:570802578:C:T,2H,570802578,12_30901,570802629,570802749,Kernel density
chr2H:570802624:C:A,2H,570802624,12_30901,570802629,570802749,Kernel density
chr2H:570802642:A:G,2H,570802642,12_30901,570802629,570802749,Kernel density
chr2H:570802643:C:T,2H,570802643,12_30901,570802629,570802749,Kernel density
chr2H:570802667:C:A,2H,570802667,12_30901,570802629,570802749,Kernel density
chr2H:570802675:G:T,2H,570802675,12_30901,570802629,570802749,Kernel density
chr2H:570802677:A:C,2H,570802677,12_30901,570802629,570802749,Kernel density
chr2H:570802688:A:G,2H,570802688,12_30901,570802629,570802749,Kernel density
chr2H:570802689:G:A,2H,570802689,12_30901,570802629,570802749,Kernel density
chr2H:570802739:G:A,2H,570802739,12_30901,570802629,570802749,Kernel density
chr2H:570802552:C:T,2H,570802552,12_30897,570803170,570803290,Kernel density
chr2H:570802578:C:T,2H,570802578,12_30897,570803170,570803290,Kernel density
chr2H:570802624:C:A,2H,570802624,12_30897,570803170,570803290,Kernel density
chr2H:570802642:A:G,2H,570802642,12_30897,570803170,570803290,Kernel density
chr2H:570802643:C:T,2H,570802643,12_30897,570803170,570803290,Kernel density
chr2H:570802667:C:A,2H,570802667,12_30897,570803170,570803290,Kernel density
chr2H:570802675:G:T,2H,570802675,12_30897,570803170,570803290,Kernel density
chr2H:570802677:A:C,2H,570802677,12_30897,570803170,570803290,Kernel density
chr2H:570802688:A:G,2H,570802688,12_30897,570803170,570803290,Kernel density
chr2H:570802689:G:A,2H,570802689,12_30897,570803170,570803290,Kernel density
chr2H:570802739:G:A,2H,570802739,12_30897,570803170,570803290,Kernel density
chr2H:570802757:C:T,2H,570802757,12_30897,570803170,570803290,Kernel density
chr2H:573522318:A:G,2H,573522318,SCRI_RS_221886,573522913,573522991,Kernel density
chr2H:573522330:A:G,2H,573522330,SCRI_RS_221886,573522913,573522991,Kernel density
chr2H:573522347:T:C,2H,573522347,SCRI_RS_221886,573522913,573522991,Kernel density
chr2H:573522375:C:T,2H,573522375,SCRI_RS_221886,573522913,573522991,Kernel density
chr2H:630028566:C:G,2H,630028566,JHI-Hv50k-2016-127739,630028431,630028551,Height
chr2H:630028582:G:A,2H,630028582,JHI-Hv50k-2016-127739,630028431,630028551,Height
chr2H:630028591:T:C,2H,630028591,JHI-Hv50k-2016-127739,630028431,630028551,Height
chr2H:630028606:G:A,2H,630028606,JHI-Hv50k-2016-127739,630028431,630028551,Height
chr2H:630028636:C:T,2H,630028636,JHI-Hv50k-2016-127739,630028431,630028551,Height
chr2H:630028645:C:G,2H,630028645,JHI-Hv50k-2016-127739,630028431,630028551,Height
chr2H:630028691:A:G,2H,630028691,JHI-Hv50k-2016-127739,630028431,630028551,Height
chr2H:630028703:C:T,2H,630028703,JHI-Hv50k-2016-127739,630028431,630028551,Height
chr2H:630028709:A:C,2H,630028709,JHI-Hv50k-2016-127739,630028431,630028551,Height
chr2H:630028710:C:T,2H,630028710,JHI-Hv50k-2016-127739,630028431,630028551,Height
chr2H:630028715:A:T,2H,630028715,JHI-Hv50k-2016-127739,630028431,630028551,Height
chr2H:630028719:T:G,2H,630028719,JHI-Hv50k-2016-127739,630028431,630028551,Height
chr2H:630028724:T:A,2H,630028724,JHI-Hv50k-2016-127739,630028431,630028551,Height
chr2H:630028725:C:A,2H,630028725,JHI-Hv50k-2016-127739,630028431,630028551,Height
chr2H:630028746:C:T,2H,630028746,JHI-Hv50k-2016-127739,630028431,630028551,Height
chr2H:630028747:G:A,2H,630028747,JHI-Hv50k-2016-127739,630028431,630028551,Height
chr2H:630028751:A:G,2H,630028751,JHI-Hv50k-2016-127739,630028431,630028551,Height
chr2H:630028968:A:G,2H,630028968,JHI-Hv50k-2016-127739,630028431,630028551,Height
chr2H:630028978:G:C,2H,630028978,JHI-Hv50k-2016-127739,630028431,630028551,Height
chr2H:630028985:C:T,2H,630028985,JHI-Hv50k-2016-127739,630028431,630028551,Height
chr2H:630028986:T:G,2H,630028986,JHI-Hv50k-2016-127739,630028431,630028551,Height
chr2H:630028990:C:T,2H,630028990,JHI-Hv50k-2016-127739,630028431,630028551,Height
chr2H:630029001:G:A,2H,630029001,JHI-Hv50k-2016-127739,630028431,630028551,Height
chr2H:630029005:C:G,2H,630029005,JHI-Hv50k-2016-127739,630028431,630028551,Height
chr2H:630029007:T:G,2H,630029007,JHI-Hv50k-2016-127739,630028431,630028551,Height
chr2H:630029012:G:C,2H,630029012,JHI-Hv50k-2016-127739,630028431,630028551,Height
chr2H:630029017:T:C,2H,630029017,JHI-Hv50k-2016-127739,630028431,630028551,Height
chr2H:630029026:A:G,2H,630029026,JHI-Hv50k-2016-127739,630028431,630028551,Height
chr2H:630029038:A:T,2H,630029038,JHI-Hv50k-2016-127739,630028431,630028551,Height
chr2H:630029054:G:A,2H,630029054,JHI-Hv50k-2016-127739,630028431,630028551,Height
chr2H:630029058:T:C,2H,630029058,JHI-Hv50k-2016-127739,630028431,630028551,Height
chr2H:637979455:C:T,2H,637979455,12_10915,637979765,637979885,Kernel weight
chr2H:637979468:A:G,2H,637979468,12_10915,637979765,637979885,Kernel weight
chr2H:637979474:C:T,2H,637979474,12_10915,637979765,637979885,Kernel weight
chr2H:637979486:G:A,2H,637979486,12_10915,637979765,637979885,Kernel weight
chr2H:637979488:G:C,2H,637979488,12_10915,637979765,637979885,Kernel weight
chr2H:637979495:C:T,2H,637979495,12_10915,637979765,637979885,Kernel weight
chr2H:637979504:C:A,2H,637979504,12_10915,637979765,637979885,Kernel weight
chr2H:637979507:T:A,2H,637979507,12_10915,637979765,637979885,Kernel weight
chr2H:637979560:C:T,2H,637979560,12_10915,637979765,637979885,Kernel weight
chr2H:637979563:G:A,2H,637979563,12_10915,637979765,637979885,Kernel weight
chr2H:637979573:C:T,2H,637979573,12_10915,637979765,637979885,Kernel weight
chr2H:637979598:A:T,2H,637979598,12_10915,637979765,637979885,Kernel weight
chr2H:637979603:T:G,2H,637979603,12_10915,637979765,637979885,Kernel weight
chr3H:564610285:T:C,3H,564610285,JHI-Hv50k-2016-205562,564609558,564609678,Plant grain weight
chr3H:564610316:C:T,3H,564610316,JHI-Hv50k-2016-205562,564609558,564609678,Plant grain weight
chr3H:564610320:C:T,3H,564610320,JHI-Hv50k-2016-205562,564609558,564609678,Plant grain weight
chr3H:564610326:A:G,3H,564610326,JHI-Hv50k-2016-205562,564609558,564609678,Plant grain weight
chr3H:564610332:C:T,3H,564610332,JHI-Hv50k-2016-205562,564609558,564609678,Plant grain weight
chr3H:564610337:A:G,3H,564610337,JHI-Hv50k-2016-205562,564609558,564609678,Plant grain weight
chr3H:564610358:G:C,3H,564610358,JHI-Hv50k-2016-205562,564609558,564609678,Plant grain weight
chr3H:564610366:C:T,3H,564610366,JHI-Hv50k-2016-205562,564609558,564609678,Plant grain weight
chr4H:486431371:T:C,4H,486431371,JHI-Hv50k-2016-249670,486432160,486432280,Plant grain weight
chr4H:486431431:C:G,4H,486431431,JHI-Hv50k-2016-249670,486432160,486432280,Plant grain weight
chr4H:486431448:C:G,4H,486431448,JHI-Hv50k-2016-249670,486432160,486432280,Plant grain weight
chr4H:486431449:C:G,4H,486431449,JHI-Hv50k-2016-249670,486432160,486432280,Plant grain weight
chr4H:486431451:A:T,4H,486431451,JHI-Hv50k-2016-249670,486432160,486432280,Plant grain weight
chr4H:486431455:T:C,4H,486431455,JHI-Hv50k-2016-249670,486432160,486432280,Plant grain weight
chr6H:543403855:A:G,6H,543403855,JHI-Hv50k-2016-424341,543403344,543403464,Plant grain weight
chr6H:543403858:C:T,6H,543403858,JHI-Hv50k-2016-424341,543403344,543403464,Plant grain weight
chr6H:543403870:G:A,6H,543403870,JHI-Hv50k-2016-424341,543403344,543403464,Plant grain weight
chr6H:543403871:T:C,6H,543403871,JHI-Hv50k-2016-424341,543403344,543403464,Plant grain weight
chr6H:543403882:C:T,6H,543403882,JHI-Hv50k-2016-424341,543403344,543403464,Plant grain weight
chr6H:543403895:A:G,6H,543403895,JHI-Hv50k-2016-424341,543403344,543403464,Plant grain weight
chr6H:543403904:T:C,6H,543403904,JHI-Hv50k-2016-424341,543403344,543403464,Plant grain weight
chr6H:543403906:G:C,6H,543403906,JHI-Hv50k-2016-424341,543403344,543403464,Plant grain weight
chr6H:543403929:C:T,6H,543403929,JHI-Hv50k-2016-424341,543403344,543403464,Plant grain weight
chr6H:543404018:G:A,6H,543404018,JHI-Hv50k-2016-424341,543403344,543403464,Plant grain weight
chr6H:543404032:G:A,6H,543404032,JHI-Hv50k-2016-424341,543403344,543403464,Plant grain weight
chr6H:543404071:G:A,6H,543404071,JHI-Hv50k-2016-424341,543403344,543403464,Plant grain weight
chr7H:14460129:C:T,7H,14460129,JHI-Hv50k-2016-449124,14459747,14459867,Plant grain weight
chr7H:14460151:G:A,7H,14460151,JHI-Hv50k-2016-449124,14459747,14459867,Plant grain weight
chr7H:14460182:C:T,7H,14460182,JHI-Hv50k-2016-449124,14459747,14459867,Plant grain weight
chr7H:14460190:C:T,7H,14460190,JHI-Hv50k-2016-449124,14459747,14459867,Plant grain weight
chr7H:14460192:G:T,7H,14460192,JHI-Hv50k-2016-449124,14459747,14459867,Plant grain weight
chr7H:14460200:C:T,7H,14460200,JHI-Hv50k-2016-449124,14459747,14459867,Plant grain weight
chr7H:14460201:G:A,7H,14460201,JHI-Hv50k-2016-449124,14459747,14459867,Plant grain weight
chr7H:14460206:C:G,7H,14460206,JHI-Hv50k-2016-449124,14459747,14459867,Plant grain weight
chr7H:14460212:C:T,7H,14460212,JHI-Hv50k-2016-449124,14459747,14459867,Plant grain weight
chr7H:32474133:A:G,7H,32474133,JHI-Hv50k-2016-457680,32474718,32474838,Height
chr7H:32474139:C:T,7H,32474139,JHI-Hv50k-2016-457680,32474718,32474838,Height
chr7H:32474142:G:A,7H,32474142,JHI-Hv50k-2016-457680,32474718,32474838,Height
chr7H:32474156:C:T,7H,32474156,JHI-Hv50k-2016-457680,32474718,32474838,Height
chr7H:32474179:T:C,7H,32474179,JHI-Hv50k-2016-457680,32474718,32474838,Height
chr7H:32474197:C:G,7H,32474197,JHI-Hv50k-2016-457680,32474718,32474838,Height
chr7H:32474209:C:T,7H,32474209,JHI-Hv50k-2016-457680,32474718,32474838,Height
